Oslo] https://www.oslo.kommune.no/
Eigersund] https://www.eigersund.kommune.no/
Stavanger] https://www.stavanger.kommune.no/
Sandnes] https://www.sandnes.kommune.no/
Sokndal] https://www.sokndal.kommune.no/
Lund] https://www.lund.kommune.no/
Bjerkreim] https://www.bjerkreim.kommune.no/
Klepp] https://www.klepp.kommune.no/
Time] https://www.time.kommune.no/
Gjesdal] https://www.gjesdal.kommune.no/
Sola] https://www.sola.kommune.no/
Randaberg] https://www.randaberg.kommune.no/
Strand] https://www.strand.kommune.no/
Hjelmeland] https://www.hjelmeland.kommune.no/
Suldal] https://www.suldal.kommune.no/
Sauda] https://www.sauda.kommune.no/
Bokn] https://www.bokn.kommune.no/
Tysvær] https://www.tysver.kommune.no/
Karmøy] https://www.karmoy.kommune.no/
Utsira] https://utsira.kommune.no/
Vindafjord] https://www.vindafjord.kommune.no/
Kristiansund] https://www.kristiansund.kommune.no/
Molde] https://www.molde.kommune.no/
Ålesund] https://alesund.kommune.no/
Vanylven] https://www.vanylven.kommune.no/
Sande] https://www.sande-mr.kommune.no/
Herøy] https://www.heroy.kommune.no/
Ulstein] https://www.ulstein.kommune.no/
Hareid] https://www.hareid.kommune.no/
Ørsta] https://www.orsta.kommune.no/
Stranda] https://www.stranda.kommune.no/
Sykkylven] https://www.sykkylven.kommune.no/
Sula] https://www.sula.kommune.no/
Giske] https://www.giske.kommune.no/
Vestnes] https://www.vestnes.kommune.no/
Rauma] https://www.rauma.kommune.no/
Aukra] https://www.aukra.kommune.no/
Averøy] https://www.averoy.kommune.no/
Gjemnes] https://www.gjemnes.kommune.no/
Tingvoll] https://www.tingvoll.kommune.no/
Sunndal] https://www.sunndal.kommune.no/
Surnadal] https://www.surnadal.kommune.no/
Smøla] https://www.smola.kommune.no/
Aure] https://www.aure.kommune.no/
Volda] https://www.volda.kommune.no/
Fjord] https://www.fjord.kommune.no/
Hustadvika] https://hustadvika.kommune.no/
Narvik] https://www.narvik.kommune.no/
Bindal] https://www.bindal.kommune.no/
Sømna] http://www.somna.kommune.no/
Vega] http://www.vega.kommune.no/
Vevelstad] http://www.vevelstad.kommune.no/
Leirfjord] https://www.leirfjord.kommune.no/
Vefsn] https://www.vefsn.kommune.no/
Grane] https://www.grane.kommune.no/
Dønna] https://www.donna.kommune.no/
Nesna] https://www.nesna.kommune.no/
Hemnes] https://www.hemnes.kommune.no/
Rana] https://www.rana.kommune.no/
Træna] https://www.trana.kommune.no/
Meløy] https://www.meloy.kommune.no/
Gildeskål] https://www.gildeskal.kommune.no/
Beiarn] https://www.beiarn.kommune.no/
Saltdal] https://www.saltdal.kommune.no/
Fauske] https://www.fauske.kommune.no/
Sørfold] https://www.sorfold.kommune.no/
Steigen] https://www.steigen.kommune.no/
Lødingen] https://www.lodingen.kommune.no/
Evenes] https://www.evenes.kommune.no/
Røst] https://rost.kommune.no/
Værøy] https://varoy.kommune.no/
Flakstad] https://flakstad.kommune.no/
Vestvågøy] https://www.vestvagoy.kommune.no/
Vågan] https://vagan.kommune.no/
Hadsel] https://www.hadsel.kommune.no/
Bø] https://www.boe.kommune.no/
Øksnes] https://www.oksnes.kommune.no/
Sortland] https://www.sortland.kommune.no/
Andøy] http://www.andoy.kommune.no/
Moskenes] https://moskenes.kommune.no/
Hamarøy] https://www.hamaroy.kommune.no/
Halden] https://www.halden.kommune.no/
Moss] https://www.moss.kommune.no/
Fredrikstad] https://www.fredrikstad.kommune.no/
Drammen] https://www.drammen.kommune.no/
Kongsberg] https://www.kongsberg.kommune.no/
Ringerike] https://www.ringerike.kommune.no/
Hvaler] https://www.hvaler.kommune.no/
Aremark] https://www.aremark.kommune.no/
Marker] https://www.marker.kommune.no/
Indre Østfold] https://www.io.kommune.no/
Skiptvet] https://www.skiptvet.kommune.no/
Rakkestad] https://www.rakkestad.kommune.no/
Råde] https://www.rade.kommune.no/Webpartside.aspx?MId1=4
Våler] http://www.valer-of.kommune.no/
Vestby] https://www.vestby.kommune.no/
Nordre Follo] https://www.nordrefollo.kommune.no/
Ås] https://www.as.kommune.no/
Frogn] https://www.frogn.kommune.no/
Nesodden] https://www.nesodden.kommune.no/
Bærum] https://www.baerum.kommune.no/
Asker] https://www.asker.kommune.no/
Aurskog-Høland] https://www.aurskog-holand.kommune.no/
Enebakk] https://www.enebakk.kommune.no/
Lørenskog] https://www.lorenskog.kommune.no/
Gjerdrum] https://www.gjerdrum.kommune.no/
Ullensaker] https://www.ullensaker.kommune.no/
Nes] https://www.nes.kommune.no/aktuelt/
Eidsvoll] https://www.eidsvoll.kommune.no/
Nannestad] https://www.nannestad.kommune.no/
Hurdal] https://www.hurdal.kommune.no/
Hole] https://www.hole.kommune.no/
Flå] https://www.flaa.kommune.no/
Nesbyen] https://www.nesbyen.kommune.no/
Gol] https://www.gol.kommune.no/
Hemsedal] https://www.hemsedal.kommune.no/
Ål] https://www.aal.kommune.no/
Hol] https://www.hol.kommune.no/
Sigdal] https://www.sigdal.kommune.no/
Krødsherad] https://www.krodsherad.kommune.no/
Modum] https://www.modum.kommune.no/
Lier] https://www.lier.kommune.no/
Flesberg] https://www.flesberg.kommune.no/
Rollag] https://www.rollag.kommune.no/
Nore og Uvdal] https://www.nore-og-uvdal.kommune.no/
Lunner] https://www.lunner.kommune.no/
Kongsvinger] https://www.kongsvinger.kommune.no/
Hamar] https://www.hamar.kommune.no/
Lillehammer] https://www.lillehammer.kommune.no/
Gjøvik] https://www.gjovik.kommune.no/
Ringsaker] https://www.ringsaker.kommune.no/
Løten] https://www.loten.kommune.no/
Stange] https://www.stange.kommune.no/
Eidskog] https://www.eidskog.kommune.no/
Grue] https://www.grue.kommune.no/
Elverum] https://www.elverum.kommune.no/
Trysil] https://www.trysil.kommune.no/Sider/side.aspx
Åmot] https://www.amot.kommune.no/
Rendalen] https://www.rendalen.kommune.no/
Engerdal] https://www.engerdal.kommune.no/
Tynset] https://www.tynset.kommune.no/
Alvdal] https://www.alvdal.kommune.no/
Folldal] https://www.folldal.kommune.no/
Os] https://os.kommune.no/
Dovre] https://www.dovre.kommune.no/
Lesja] https://www.lesja.kommune.no/
Skjåk] https://www.skjaak.kommune.no/
Lom] https://www.lom.kommune.no/
Vågå] https://www.vaga.kommune.no/
Nord-Fron] https://www.nord-fron.kommune.no/
Sel] https://www.sel.kommune.no/
Ringebu] https://www.ringebu.kommune.no/
Øyer] https://www.oyer.kommune.no/
Gausdal] https://www.gausdal.kommune.no/
Østre Toten] https://www.ostre-toten.kommune.no/
Vestre Toten] https://www.vestre-toten.kommune.no/
Gran] https://www.gran.kommune.no/
Søndre Land] https://www.sondre-land.kommune.no/
Nordre Land] https://www.nordre-land.kommune.no/
Sør-Aurdal] https://www.sor-aurdal.kommune.no/
Etnedal] https://www.etnedal.kommune.no/
Nord-Aurdal] https://www.nord-aurdal.kommune.no/
Vestre Slidre] https://www.vestre-slidre.kommune.no/
Øystre Slidre] https://www.oystre-slidre.kommune.no/
Vang] https://www.vang.kommune.no/
Horten] https://www.horten.kommune.no/
Holmestrand] https://holmestrand.kommune.no/
Tønsberg] https://www.tonsberg.kommune.no/
Sandefjord] https://www.sandefjord.kommune.no/
Larvik] https://www.larvik.kommune.no/
Porsgrunn] https://www.porsgrunn.kommune.no/
Skien] https://www.skien.kommune.no/
Notodden] https://www.notodden.kommune.no/
Siljan] https://www.siljan.kommune.no/
Bamble] https://www.bamble.kommune.no/
Kragerø] https://www.kragero.kommune.no/
Drangedal] http://www.drangedal.kommune.no/
Nome] https://www.nome.kommune.no/
Midt-Telemark] https://midt-telemark.kommune.no/
Tinn] https://www.tinn.kommune.no/
Hjartdal] https://www.hjartdal.kommune.no/
Seljord] https://www.seljord.kommune.no/
Kviteseid] https://www.kviteseid.kommune.no/
Nissedal] https://www.nissedal.kommune.no/
Fyresdal] https://www.fyresdal.kommune.no/
Tokke] https://www.tokke.kommune.no/
Vinje] https://www.vinje.kommune.no/
Risør] https://www.risor.kommune.no/
Grimstad] https://www.grimstad.kommune.no/
Arendal] https://www.arendal.kommune.no/
Kristiansand] https://www.kristiansand.kommune.no/
Lindesnes] https://www.lindesnes.kommune.no/
Farsund] https://www.farsund.kommune.no/
Flekkefjord] https://www.flekkefjord.kommune.no/
Gjerstad] https://www.gjerstad.kommune.no/
Vegårshei] https://www.vegarshei.kommune.no/
Tvedestrand] https://www.tvedestrand.kommune.no/
Froland] https://www.froland.kommune.no/
Lillesand] https://www.lillesand.kommune.no/
Birkenes] https://www.birkenes.kommune.no/
Åmli] https://www.amli.kommune.no/
Iveland] https://www.iveland.kommune.no/
Evje og Hornnes] https://www.e-h.kommune.no/
Bygland] https://www.bygland.kommune.no/
Bykle] https://www.bykle.kommune.no/
Åseral] https://www.aseral.kommune.no/
Lyngdal] https://www.lyngdal.kommune.no/
Hægebostad] https://www.haegebostad.kommune.no/
Kvinesdal] https://www.kvinesdal.kommune.no/
Sirdal] https://www.sirdal.kommune.no/
Bergen] https://www.bergen.kommune.no/
Kinn] https://kinn.kommune.no/
Etne] https://www.etne.kommune.no/
Sveio] https://www.sveio.kommune.no/
Bømlo] https://www.bomlo.kommune.no/
Stord] https://www.stord.kommune.no/
Fitjar] http://www.fitjar.kommune.no/
Tysnes] https://www.tysnes.kommune.no/
Kvinnherad] https://www.kvinnherad.kommune.no/
Ullensvang] https://ullensvang.kommune.no/
Eidfjord] https://www.eidfjord.kommune.no/
Ulvik] https://www.ulvik.kommune.no/
Voss] https://voss.herad.no/
Kvam] https://www.kvam.no/
Samnanger] https://www.samnanger.kommune.no/
Bjørnafjorden] https://bjornafjorden.kommune.no/
Austevoll] https://www.austevoll.kommune.no/
Øygarden] https://www.oygarden.kommune.no/
Askøy] https://askoy.kommune.no/
Vaksdal] https://www.vaksdal.kommune.no/
Modalen] https://www.modalen.kommune.no/
Osterøy] https://www.osteroy.kommune.no/
Alver] https://www.alver.kommune.no/
Austrheim] https://www.austrheim.kommune.no/
Fedje] https://www.fedje.kommune.no/
Masfjorden] https://www.masfjorden.kommune.no/
Solund] https://www.solund.kommune.no/
Hyllestad] https://www.hyllestad.kommune.no/
Høyanger] https://www.hoyanger.kommune.no/
Vik] https://www.vik.kommune.no/
Sogndal] https://www.sogndal.kommune.no/
Aurland] https://www.aurland.kommune.no/
Lærdal] https://www.laerdal.kommune.no/
Årdal] https://www.ardal.kommune.no/
Luster] https://www.luster.kommune.no/
Askvoll] https://www.askvoll.kommune.no/
Fjaler] https://www.fjaler.kommune.no/
Sunnfjord] https://sunnfjord.kommune.no/
Bremanger] https://bremanger.kommune.no/
Stad] https://stad.kommune.no/
Gloppen] https://gloppen.kommune.no/
Stryn] https://stryn.kommune.no/
Trondheim] https://www.trondheim.kommune.no/
Steinkjer] https://www.steinkjer.kommune.no/
Namsos] https://namsos.kommune.no/
Frøya] https://www.froya.kommune.no/
Osen] https://www.osen.kommune.no/
Oppdal] https://www.oppdal.kommune.no/
Holtålen] https://holtalen.kommune.no/
Melhus] https://www.melhus.kommune.no/
Skaun] https://www.skaun.kommune.no/
Malvik] https://www.malvik.kommune.no/
Selbu] https://www.selbu.kommune.no/
Tydal] https://www.tydal.kommune.no/
Meråker] https://www.meraker.kommune.no/
Stjørdal] https://www.stjordal.kommune.no/
Frosta] https://www.frosta.kommune.no/
Levanger] https://www.levanger.kommune.no/
Verdal] https://www.verdal.kommune.no/
Snåsa] https://www.snasa.kommune.no/
Lierne] https://www.lierne.kommune.no/
Røyrvik] https://www.royrvik.kommune.no/
Namsskogan] https://www.namsskogan.kommune.no/
Grong] https://www.grong.kommune.no/
Overhalla] https://www.overhalla.kommune.no/
Flatanger] https://www.flatanger.kommune.no/
Leka] http://www.leka.kommune.no/
Inderøy] https://www.inderoy.kommune.no/
Indre Fosen] https://www.indrefosen.kommune.no/
Heim] https://www.heim.kommune.no/
Hitra] https://www.hitra.kommune.no/
Ørland] https://orland.kommune.no/
Orkland] https://www.orkland.kommune.no/
Nærøysund] https://www.naroysund.kommune.no/
Rindal] https://www.rindal.kommune.no/
Tromsø] https://www.tromso.kommune.no/
Harstad] https://www.harstad.kommune.no/
Alta] https://www.alta.kommune.no/
Vardø] https://www.vardo.kommune.no/
Hammerfest] https://hammerfest.kommune.no/
Tjeldsund] https://www.tjeldsund.kommune.no/
Ibestad] https://www.ibestad.kommune.no/
Gratangen] http://www.gratangen.kommune.no/
Lavangen] https://www.lavangen.kommune.no/
Bardu] https://www.bardu.kommune.no/
Salangen] https://www.salangen.kommune.no/
Målselv] https://www.malselv.kommune.no/
Sørreisa] https://www.sorreisa.kommune.no/
Dyrøy] https://www.dyroy.kommune.no/
Senja] https://www.senja.kommune.no/
Balsfjord] https://www.balsfjord.kommune.no/
Karlsøy] https://www.karlsoy.kommune.no/
Lyngen] https://www.lyngen.kommune.no/
Storfjord] https://www.storfjord.kommune.no/
Kåfjord] https://www.kafjord.kommune.no/
Skjervøy] https://www.skjervoy.kommune.no/
Nordreisa] https://www.nordreisa.kommune.no/
Kvænangen] https://www.kvanangen.kommune.no/
Kautokeino] https://www.guovdageainnu.suohkan.no/
Loppa] https://www.loppa.kommune.no/
Hasvik] https://www.hasvik.kommune.no/
Måsøy] https://www.masoy.kommune.no/
Nordkapp] https://www.nordkapp.kommune.no/
Porsanger] https://www.porsanger.kommune.no/
Karasjok] https://www.karasjok.kommune.no/
Lebesby] https://www.lebesby.kommune.no/
Gamvik] https://www.gamvik.kommune.no/
Berlevåg] https://www.berlevag.kommune.no/
Tana] https://www.tana.kommune.no/
Nesseby] https://www.nesseby.kommune.no/
Båtsfjord] https://www.batsfjord.kommune.no/
Sør-Varanger] https://www.sor-varanger.kommune.no/
Haugesund] https://www.haugesund.kommune.no/
Hå] https://ha.kommune.no/Webpartside.aspx?MId1=4
Kvitsøy] https://www.kvitsoy.kommune.no/
Bodø] https://bodo.kommune.no/
Rødøy] http://www.rodoy.kommune.no/
Rælingen] https://www.ralingen.kommune.no/
Lillestrøm] https://www.lillestrom.kommune.no/
Nittedal] https://www.nittedal.kommune.no/
Øvre Eiker] https://ovre-eiker.kommune.no/
Nord-Odal] https://www.nord-odal.kommune.no/
Sør-Odal] https://www.sor-odal.kommune.no/
Åsnes] https://www.asnes.kommune.no/
Stor-Elvdal] https://www.stor-elvdal.kommune.no/
Tolga] https://www.tolga.kommune.no/
Sør-Fron] https://www.sor-fron.kommune.no/
Færder] https://www.faerder.kommune.no/
Vennesla] https://www.vennesla.kommune.no/
Gulen] https://www.gulen.kommune.no/
Rennebu] https://www.rennebu.kommune.no/
Høylandet] https://www.hoylandet.kommune.no/
Åfjord] https://www.afjord.kommune.no/
Vadsø] https://www.vadso.kommune.no/
Kvæfjord] https://www.kvafjord.kommune.no/
Brønnøy] http://www.bronnoy.kommune.no/
Alstahaug] https://www.alstahaug.kommune.no/
Lurøy] http://www.luroy.kommune.no/
Rødøy] http://www.rodoy.kommune.no/
Jevnaker] https://www.jevnaker.kommune.no/
Åsnes] https://www.asnes.kommune.no/
Valle] https://www.valle.kommune.no/
Røros] https://roros.kommune.no/
Hattfjelldal] https://hattfjelldal.kommune.no/
Sarpsborg] https://www.sarpsborg.com/
Midtre Gauldal] https://www.mgk.no/